Workbook

Sheet Briefing Note Feed
A1: Feed Description | B1: Feed Values | D1: Feed Tables | E1: (to unlock and modify sheet, password is 123) | AL1: Placeholder page end
A2: Prepared for | D2: Applications Updates
A3: Title | D3: =B9&" Applications Comparison - Point in Time" -> 2025-26 formula placeholder Applications Comparison - Point in Time
A4: Date prepared | D4: Population | E4: Fall 2025 | F4: Fall 2024 | G4: % Change | H4: Winter 2026 | I4: Winter 2025 | J4: % Change
A5: Prepared by | D5: Total Applications
A6: Title | D6: International
A7: Department | D7: Domestic
A8: Date of data extraction
A9: YearA Applications Academic Year Range | B9: 2025-26 formula placeholder
A10: YearA Applications Min Academic Year | B10: 2025 formula placeholder
A11: YearA Applications Min Academic Year+1 | B11: 2026 formula placeholder
A12: YearA Fall 2025 unique applicants
A13: YearA Fall 2025 total applications
A14: YearA Fall 2025 accepted applications
A15: YearA Fall 2025 unique international applicants
A16: YearA Fall 2025 total international applications
A17: YearA Fall 2025 unique domestic applicants
A18: YearA Fall 2025 total domestic applications
A19: YearA Fall 2024 unique applicants
A20: YearA Fall 2024 total applications
A21: YearA Fall 2024 accepted applications
A22: YearA Fall 2024 unique international applicants
A23: YearA Fall 2024 total international applications
... A25: YearA Fall 2024 total domestic applications
A26: YearA Winter 2025 unique applicants | D26: 2026-27 Applications Comparison - Point in Time
A27: YearA Winter 2025 total applications | D27: Population | E27: Fall 2025 | F27: Fall 2024 | G27: % Change | H27: Winter 2026 | I27: Winter 2025 | J27: % Change
A28: YearA Winter 2025 accepted applications | D28: Total Applications
A29: YearA Winter 2025 unique international applicants | D29: International
A30: YearA Winter 2025 total international applications | D30: Domestic
A31: YearA Winter 2025 unique domestic applicants
A32: YearA Winter 2025 total domestic applications | D32: Fall 2025 Applications
A33: YearA Winter 2024 unique applicants
A34: YearA Winter 2024 total applications
A35: YearA Winter 2024 accepted applications
A36: YearA Winter 2024 unique international applicants
A37: YearA Winter 2024 total international applications | D37: Winter 2026 Applications
A38: YearA Winter 2024 unique domestic applicants
A39: YearA Winter 2024 total domestic applications
A40: YearA Applications Academic Year Range
A41: YearA Applications Min Academic Year
A42: YearA Applications Min Academic Year+1
A43: YearA Fall 2025 unique applicants
A44: YearA Fall 2025 total applications
A45: YearA Fall 2025 accepted applications
A46: YearA Fall 2025 unique international applicants
A47: YearA Fall 2025 total international applications
A48: YearA Fall 2025 unique domestic applicants | D48: =B71&" Enrolment Updates" -> #VALUE!
A49: YearA Fall 2025 total domestic applications | D49: =B71&" Year Start Enrolment Comparison -Point in Time" -> #VALUE!
A50: YearA Fall 2024 unique applicants | D50: Category | F50: =TEXT(DATEVALUE(B8), "YYYY-MM-DD")&" ("&B71&")" -> #VALUE! | H50: 2024-10-02 (2024-25) | J50: % Change in UHC | K50: % Change in FLE
A51: YearA Fall 2024 total applications
A52: YearA Fall 2024 accepted applications | F52: UHC | G52: FLE | H52: UHC | I52: FLE
A53: YearA Fall 2024 unique international applicants | D53: By Demographic | E53: Total Domestic & International | F53: {=SUM(--(LEN(IFERROR( _xlfn.UNIQUE( _xlfn._xlws.FILTER( 'FLE Campus'!A:A, ('FLE Campus'!A:A<>"")* ('FLE Campus'!A:A<>"PEOPLE_CODE_ID")* (('FLE Campus'!M:M="FULL")+('FLE Campus'!M:M="PART")) )),""))>0))} -> 0 | G53: {=_xlfn.LET( _xlpm.x, _xlfn._xlws.FILTER( 'FLE Campus'!Q:Q, ('FLE Campus'!Q:Q<>"")* ('FLE Campus'!Q:Q<>"FLE")* (('FLE Campus'!M:M="FULL")+('FLE Campus'!M:M="PART")) ), TEXT(IFERROR(SUM(N(_xlpm.x)), 0), "0.000") )} -> 0.000 | J53: =IFERROR(TEXT(ROUND((F53-H53)/H53*100,1),"0.0")&"%","N/A") -> N/A | K53: =IFERROR(TEXT(ROUND((G53-I53)/I53*100,1),"0.0")&"%","N/A") -> N/A
A54: YearA Fall 2024 total international applications | E54: International | F54: {=SUM(--(LEN(IFERROR( _xlfn.UNIQUE( _xlfn._xlws.FILTER( 'FLE Campus'!A:A, ('FLE Campus'!A:A<>"")* ('FLE Campus'!A:A<>"PEOPLE_CODE_ID")* (('FLE Campus'!M:M="FULL")+('FLE Campus'!M:M="PART"))* (('FLE Campus'!AC:AC="Student Visa")+('FLE Campus'!AC:AC="Other Visa")) )),""))>0))} -> 0 | G54: {=_xlfn.LET( _xlpm.x, _xlfn._xlws.FILTER( 'FLE Campus'!Q:Q, ('FLE Campus'!Q:Q<>"")* ('FLE Campus'!Q:Q<>"FLE")* (('FLE Campus'!M:M="FULL")+('FLE Campus'!M:M="PART"))* (('FLE Campus'!AC:AC="Student Visa")+('FLE Campus'!AC:AC="Other Visa")) ), TEXT(IFERROR(SUM(N(_xlpm.x)), 0), "0.000") )} -> 0.000 | J54: =IFERROR(TEXT(ROUND((F54-H54)/H54*100,1),"0.0")&"%","N/A") -> N/A | K54: =IFERROR(TEXT(ROUND((G54-I54)/I54*100,1),"0.0")&"%","N/A") -> N/A
A55: YearA Fall 2024 unique domestic applicants | E55: Domestic | F55: {=SUM(--(LEN(IFERROR( _xlfn.UNIQUE( _xlfn._xlws.FILTER( 'FLE Campus'!A:A, ('FLE Campus'!A:A<>"")* ('FLE Campus'!A:A<>"PEOPLE_CODE_ID")* (('FLE Campus'!M:M="FULL")+('FLE Campus'!M:M="PART"))* (('FLE Campus'!AC:AC="Canadian")+('FLE Campus'!AC:AC="Permanent Resident")+('FLE Campus'!AC:AC="Refugee")) )),""))>0))} -> 0 | G55: {=_xlfn.LET( _xlpm.x, _xlfn._xlws.FILTER( 'FLE Campus'!Q:Q, ('FLE Campus'!Q:Q<>"")* ('FLE Campus'!Q:Q<>"FLE")* (('FLE Campus'!M:M="FULL")+('FLE Campus'!M:M="PART"))* (('FLE Campus'!AC:AC="Canadian")+('FLE Campus'!AC:AC="Permanent Resident")+('FLE Campus'!AC:AC="Refugee")) ), TEXT(IFERROR(SUM(N(_xlpm.x)), 0), "0.000") )} -> 0.000 | J55: =IFERROR(TEXT(ROUND((F55-H55)/H55*100,1),"0.0")&"%","N/A") -> N/A | K55: =IFERROR(TEXT(ROUND((G55-I55)/I55*100,1),"0.0")&"%","N/A") -> N/A
A56: YearA Fall 2024 total domestic applications | E56: Indigenous | F56: {=SUM(--(LEN(IFERROR( _xlfn.UNIQUE( _xlfn._xlws.FILTER( 'FLE Campus'!A:A, ('FLE Campus'!A:A<>"")* ('FLE Campus'!A:A<>"PEOPLE_CODE_ID")* (('FLE Campus'!M:M="FULL")+('FLE Campus'!M:M="PART"))* (('FLE Campus'!AA:AA="Inuit")+('FLE Campus'!AA:AA="Metis")+('FLE Campus'!AA:AA="Non Status")+('FLE Campus'!AA:AA="Status Indian")) )),""))>0))} -> 0 | G56: {=_xlfn.LET( _xlpm.x, _xlfn._xlws.FILTER( 'FLE Campus'!Q:Q, ('FLE Campus'!Q:Q<>"")* ('FLE Campus'!Q:Q<>"FLE")* (('FLE Campus'!M:M="FULL")+('FLE Campus'!M:M="PART"))* (('FLE Campus'!AA:AA="Inuit")+('FLE Campus'!AA:AA="Metis")+('FLE Campus'!AA:AA="Non Status")+('FLE Campus'!AA:AA="Status Indian")) ), TEXT(IFERROR(SUM(N(_xlpm.x)), 0), "0.000") )} -> 0.000 | J56: =IFERROR(TEXT(ROUND((F56-H56)/H56*100,1),"0.0")&"%","N/A") -> N/A | K56: =IFERROR(TEXT(ROUND((G56-I56)/I56*100,1),"0.0")&"%","N/A") -> N/A
A57: YearA Winter 2025 unique applicants | E57: Apprenticeship | F57: {=SUM(--(LEN(IFERROR( _xlfn.UNIQUE( _xlfn._xlws.FILTER( 'FLE Campus'!A:A, ('FLE Campus'!A:A<>"")* ('FLE Campus'!A:A<>"PEOPLE_CODE_ID")* (('FLE Campus'!M:M="FULL")+('FLE Campus'!M:M="PART"))* (('FLE Campus'!J:J="AELEC")+('FLE Campus'!J:J="AHD")+('FLE Campus'!J:J="AMILL")+('FLE Campus'!J:J="ASTEAM")+('FLE Campus'!J:J="AWELD")) )),""))>0))} -> 0 | G57: {=_xlfn.LET( _xlpm.x, _xlfn._xlws.FILTER( 'FLE Campus'!Q:Q, ('FLE Campus'!Q:Q<>"")* ('FLE Campus'!Q:Q<>"FLE")* (('FLE Campus'!M:M="FULL")+('FLE Campus'!M:M="PART"))* (('FLE Campus'!J:J="AELEC")+('FLE Campus'!J:J="AHD")+('FLE Campus'!J:J="AMILL")+('FLE Campus'!J:J="ASTEAM")+('FLE Campus'!J:J="AWELD")) ), TEXT(IFERROR(SUM(N(_xlpm.x)), 0), "0.000") )} -> 0.000 | J57: =IFERROR(TEXT(ROUND((F57-H57)/H57*100,1),"0.0")&"%","N/A") -> N/A | K57: =IFERROR(TEXT(ROUND((G57-I57)/I57*100,1),"0.0")&"%","N/A") -> N/A
A58: YearA Winter 2025 total applications | D58: By Credential | E58: Certificate | F58: {=SUM(--(LEN(IFERROR( _xlfn.UNIQUE( _xlfn._xlws.FILTER( 'FLE Campus'!A:A, ('FLE Campus'!A:A<>"")* ('FLE Campus'!A:A<>"PEOPLE_CODE_ID")* (('FLE Campus'!M:M="FULL")+('FLE Campus'!M:M="PART"))* ('FLE Campus'!K:K="Certificate") )),""))>0))} -> 0 | G58: {=_xlfn.LET( _xlpm.x, _xlfn._xlws.FILTER( 'FLE Campus'!Q:Q, ('FLE Campus'!Q:Q<>"")* ('FLE Campus'!Q:Q<>"FLE")* (('FLE Campus'!M:M="FULL")+('FLE Campus'!M:M="PART"))* ('FLE Campus'!K:K="Certificate") ), TEXT(IFERROR(SUM(N(_xlpm.x)), 0), "0.000") )} -> 0.000 | J58: =IFERROR(TEXT(ROUND((F58-H58)/H58*100,1),"0.0")&"%","N/A") -> N/A | K58: =IFERROR(TEXT(ROUND((G58-I58)/I58*100,1),"0.0")&"%","N/A") -> N/A
A59: YearA Winter 2025 accepted applications | E59: Diploma | F59: {=SUM(--(LEN(IFERROR( _xlfn.UNIQUE( _xlfn._xlws.FILTER( 'FLE Campus'!A:A, ('FLE Campus'!A:A<>"") * ('FLE Campus'!A:A<>"PEOPLE_CODE_ID") * (('FLE Campus'!M:M="FULL")+('FLE Campus'!M:M="PART"))* ('FLE Campus'!K:K="Diploma") )),""))>0))} -> 0 | G59: {=_xlfn.LET( _xlpm.x, _xlfn._xlws.FILTER( 'FLE Campus'!Q:Q, ('FLE Campus'!Q:Q<>"")* ('FLE Campus'!Q:Q<>"FLE")* (('FLE Campus'!M:M="FULL")+('FLE Campus'!M:M="PART"))* ('FLE Campus'!K:K="Diploma") ), TEXT(IFERROR(SUM(N(_xlpm.x)), 0), "0.000") )} -> 0.000 | J59: =IFERROR(TEXT(ROUND((F59-H59)/H59*100,1),"0.0")&"%","N/A") -> N/A | K59: =IFERROR(TEXT(ROUND((G59-I59)/I59*100,1),"0.0")&"%","N/A") -> N/A
A60: YearA Winter 2025 unique international applicants | E60: Non-Credential | F60: {=SUM(--(LEN(IFERROR( _xlfn.UNIQUE( _xlfn._xlws.FILTER( 'FLE Campus'!A:A, ('FLE Campus'!A:A<>"")* ('FLE Campus'!A:A<>"PEOPLE_CODE_ID")* (('FLE Campus'!M:M="FULL")+('FLE Campus'!M:M="PART"))* ('FLE Campus'!K:K="Non-credential") )),""))>0))} -> 0 | G60: {=_xlfn.LET( _xlpm.x, _xlfn._xlws.FILTER( 'FLE Campus'!Q:Q, ('FLE Campus'!Q:Q<>"")* ('FLE Campus'!Q:Q<>"FLE")* (('FLE Campus'!M:M="FULL")+('FLE Campus'!M:M="PART"))* ('FLE Campus'!K:K="Non-credential") ), TEXT(IFERROR(SUM(N(_xlpm.x)), 0), "0.000") )} -> 0.000 | J60: =IFERROR(TEXT(ROUND((F60-H60)/H60*100,1),"0.0")&"%","N/A") -> N/A | K60: =IFERROR(TEXT(ROUND((G60-I60)/I60*100,1),"0.0")&"%","N/A") -> N/A
A61: YearA Winter 2025 total international applications | D61: By Term | E61: Fall | F61: {=SUM(--(LEN(IFERROR( _xlfn.UNIQUE( _xlfn._xlws.FILTER( 'FLE Campus'!A:A, ('FLE Campus'!A:A<>"")* ('FLE Campus'!A:A<>"PEOPLE_CODE_ID")* (('FLE Campus'!M:M="FULL")+('FLE Campus'!M:M="PART"))* ('FLE Campus'!E:E="FALL") )),""))>0))} -> 0 | G61: {=_xlfn.LET( _xlpm.x, _xlfn._xlws.FILTER( 'FLE Campus'!Q:Q, ('FLE Campus'!Q:Q<>"")* ('FLE Campus'!Q:Q<>"FLE")* (('FLE Campus'!M:M="FULL")+('FLE Campus'!M:M="PART"))* ('FLE Campus'!E:E="FALL") ), TEXT(IFERROR(SUM(N(_xlpm.x)), 0), "0.000") )} -> 0.000 | J61: =IFERROR(TEXT(ROUND((F61-H61)/H61*100,1),"0.0")&"%","N/A") -> N/A | K61: =IFERROR(TEXT(ROUND((G61-I61)/I61*100,1),"0.0")&"%","N/A") -> N/A
A62: YearA Winter 2025 unique domestic applicants | E62: Winter | F62: {=SUM(--(LEN(IFERROR( _xlfn.UNIQUE( _xlfn._xlws.FILTER( 'FLE Campus'!A:A, ('FLE Campus'!A:A<>"")* ('FLE Campus'!A:A<>"PEOPLE_CODE_ID")* (('FLE Campus'!M:M="FULL")+('FLE Campus'!M:M="PART"))* ('FLE Campus'!E:E="WINTER") )),""))>0))} -> 0 | G62: {=_xlfn.LET( _xlpm.x, _xlfn._xlws.FILTER( 'FLE Campus'!Q:Q, ('FLE Campus'!Q:Q<>"")* ('FLE Campus'!Q:Q<>"FLE")* (('FLE Campus'!M:M="FULL")+('FLE Campus'!M:M="PART"))* ('FLE Campus'!E:E="WINTER") ), TEXT(IFERROR(SUM(N(_xlpm.x)), 0), "0.000") )} -> 0.000 | J62: =IFERROR(TEXT(ROUND((F62-H62)/H62*100,1),"0.0")&"%","N/A") -> N/A | K62: =IFERROR(TEXT(ROUND((G62-I62)/I62*100,1),"0.0")&"%","N/A") -> N/A
A63: YearA Winter 2025 total domestic applications
A64: YearA Winter 2024 unique applicants | D64: ="The budgeted projection FLE for the "&B71&" academic year is "&B74&". As of "&B8&", the actual FLE is "&B75&"; this indicates a "&B76&" of the budgeted projection achieved for the whole academic year." -> #VALUE!
A65: YearA Winter 2024 total applications | D65: ="Fall "&B72&" (Part-time) *: The budgeted projection part-time headcount for Fall "&B72&" is "&B74&". As of "&B8&", the actual headcount is "&B75&", this indicates a "&B76&" of the budgeted projection achieved for the semester." -> #VALUE!
A66: YearA Winter 2024 accepted applications | D66: ="Fall "&B72&" (Full-time) *: The budgeted projection part-time headcount for Fall "&B72&" is "&B80&". As of "&B8&", the actual headcount is "&B81&", this indicates a "&B82&" of the budgeted projection achieved for the semester." -> #VALUE!
A67: YearA Winter 2024 unique international applicants | D67: ="Winter "&B73&" (Part-time) *: The budgeted projection part-time headcount for Winter "&B73&" is "&B83&". As of "&B8&", the actual headcount is "&B84&", this indicates a "&B85&" of the budgeted projection achieved for the semester." -> #VALUE!
A68: YearA Winter 2024 total international applications | D68: ="Winter "&B73&" (Full-time) *: The budgeted projection part-time headcount for Winter "&B73&" is "&B86&". As of "&B8&", the actual headcount is "&B87&", this indicates a "&B88&" of the budgeted projection achieved for the semester." -> #VALUE!
A69: YearA Winter 2024 unique domestic applicants | D69: *Enrolment Actuals vs Projections (this section excludes Power Engineering CML, LINC, and Apprenticeship)
A70: YearA Winter 2024 total domestic applications
A71: Enrolment Academic Year Range | B71: {=MIN( IFERROR( VALUE( _xlfn._xlws.FILTER( 'FLE Campus'!D:D, ('FLE Campus'!D:D<>"")*(ROW('FLE Campus'!D:D)<>1) ) ), "" ) ) &"-"& RIGHT( MIN( IFERROR( VALUE( _xlfn._xlws.FILTER( 'FLE Campus'!D:D, ('FLE Campus'!D:D<>"")*(ROW('FLE Campus'!D:D)<>1) ) ), "" ) )+1,2)} -> #VALUE! | D71: It is important to note the following:
A72: Enrolment Min Academic Year | B72: {=MIN( IFERROR( VALUE( _xlfn._xlws.FILTER( 'FLE Campus'!D:D, ('FLE Campus'!D:D<>"")*(ROW('FLE Campus'!D:D)<>1) ) ), "" ) )} -> #VALUE! | D72: ="Enrolment is ongoing for the "&B71&" academic year." -> #VALUE!
A73: Enrolment Min Academic Year Plus 1 | B73: {=MIN( IFERROR( VALUE( _xlfn._xlws.FILTER( 'FLE Campus'!D:D, ('FLE Campus'!D:D<>"")*(ROW('FLE Campus'!D:D)<>1) ) ), "" ) )+1} -> #VALUE! | D73: ="LINC registration takes place in early September with twice-a-month registration until the last intake in May "&B73&"." -> #VALUE!
A74: ="Budgeted FLE For "&B71 -> #VALUE! | B74: =ROUND(N('Budgeted Projections FLE'!G192),3) -> 0
A75: ="Actual FLE For "&B71 -> #VALUE! | B75: {=_xlfn.LET( _xlpm.x, _xlfn._xlws.FILTER( 'FLE Campus'!Q:Q, ('FLE Campus'!Q:Q<>"")* ('FLE Campus'!Q:Q<>"FLE")* (('FLE Campus'!M:M="FULL")+('FLE Campus'!M:M="PART")) ), TEXT(IFERROR(SUM(N(_xlpm.x)), 0), "0.000") )} -> 0.000 | D75: =B71&" Enrolments Projections Progress by Headcount *" -> #VALUE!
A76: ="% Budgeted FLE Achieved For "&B71&" (with conditional surpass text)" -> #VALUE! | B76: =IF( VALUE(B75)<=VALUE(B74), TEXT(ROUND(VALUE(B75)/VALUE(B74)*100,1),"0.0")&"%", TEXT(ROUND(((VALUE(B75)-VALUE(B74))/VALUE(B74))*100,1),"0.0")&"% surpass" ) -> #DIV/0! | D76: Population | E76: Enrolment | F76: Fall | I76: Winter
A77: ="Budgeted Part-time Headcount For Fall "&$B$72 -> #VALUE! | B77: =N('Budgeted Projections Total HC'!G192) -N('Budgeted Projections Total HC'!G100) -N('Budgeted Projections Total HC'!G162) -N('Budgeted Projections Total HC'!G171) -N('Budgeted Projections Total HC'!G172) -> 0 | E77: Status | F77: Projected | G77: Actual | H77: % Projections | I77: Projected | J77: Actual | K77: % Projections
A78: ="Actual Part-time Headcount For Fall "&$B$72 -> #VALUE! | B78: {=SUM(--(LEN(IFERROR( _xlfn._xlws.FILTER( 'FLE Campus'!A:A, ('FLE Campus'!A:A<>"")* ('FLE Campus'!A:A<>"PEOPLE_CODE_ID")* ('FLE Campus'!M:M="PART")* ('FLE Campus'!E:E="FALL")* ISNA( MATCH( TRIM('FLE Campus'!J:J), {"AELEC","AHD","AMILL","ASTEAM","AWELD","LINC13","POWCM3","POWCM4"}, 0 ) )),""))>0))} -> 0 | H78: Achieved | K78: Achieved
A79: ="% Budgeted Part-time Headcount Achieved For Fall "&$B$72&" (with conditional surpass text)" -> #VALUE! | B79: =IF( VALUE(B78)<=VALUE(B77), TEXT(ROUND(VALUE(B78)/VALUE(B77)*100,1),"0.0")&"%", TEXT(ROUND(((VALUE(B78)-VALUE(B77))/VALUE(B77))*100,1),"0.0")&"% surpass" ) -> #DIV/0! | D79: International | E79: Full time | F79: =N('Budgeted Projections Intl HC'!H192) -N('Budgeted Projections Intl HC'!H100) -N('Budgeted Projections Intl HC'!H162) -N('Budgeted Projections Intl HC'!H171) -N('Budgeted Projections Intl HC'!H172) -> 0 | G79: {=SUM(--(LEN(IFERROR( _xlfn._xlws.FILTER( 'FLE Campus'!A:A, ('FLE Campus'!A:A<>"")* ('FLE Campus'!A:A<>"PEOPLE_CODE_ID")* ('FLE Campus'!M:M="FULL")* ('FLE Campus'!E:E="FALL")* (('FLE Campus'!AC:AC="Student Visa")+('FLE Campus'!AC:AC="Other Visa"))* ISNA( MATCH( TRIM('FLE Campus'!J:J), {"AELEC","AHD","AMILL","ASTEAM","AWELD","LINC13","POWCM3","POWCM4"}, 0 ) )),""))>0))} -> 0 | H79: =IFERROR(TEXT(ROUND(G79/F79*100,1),"0.0")&"%","N/A") -> N/A
A80: ="Budgeted Full-time Headcount For Fall "&$B$72 -> #VALUE! | B80: =N('Budgeted Projections Total HC'!H192) -N('Budgeted Projections Total HC'!H100) -N('Budgeted Projections Total HC'!H162) -N('Budgeted Projections Total HC'!H171) -N('Budgeted Projections Total HC'!H172) -> 0 | E80: Part time | F80: =N('Budgeted Projections Intl HC'!G192) -N('Budgeted Projections Intl HC'!G100) -N('Budgeted Projections Intl HC'!G162) -N('Budgeted Projections Intl HC'!G171) -N('Budgeted Projections Intl HC'!G172) -> 0 | G80: {=SUM(--(LEN(IFERROR( _xlfn._xlws.FILTER( 'FLE Campus'!A:A, ('FLE Campus'!A:A<>"")* ('FLE Campus'!A:A<>"PEOPLE_CODE_ID")* ('FLE Campus'!M:M="PART")* ('FLE Campus'!E:E="FALL")* (('FLE Campus'!AC:AC="Student Visa")+('FLE Campus'!AC:AC="Other Visa"))* ISNA( MATCH( TRIM('FLE Campus'!J:J), {"AELEC","AHD","AMILL","ASTEAM","AWELD","LINC13","POWCM3","POWCM4"}, 0 ) )),""))>0))} -> 0 | H80: =IFERROR(TEXT(ROUND(G80/F80*100,1),"0.0")&"%","N/A") -> N/A
A81: ="Actual Full-time Headcount For Fall "&$B$72 -> #VALUE! | B81: {=SUM(--(LEN(IFERROR( _xlfn._xlws.FILTER( 'FLE Campus'!A:A, ('FLE Campus'!A:A<>"")* ('FLE Campus'!A:A<>"PEOPLE_CODE_ID")* ('FLE Campus'!M:M="FULL")* ('FLE Campus'!E:E="FALL")* ISNA( MATCH( TRIM('FLE Campus'!J:J), {"AELEC","AHD","AMILL","ASTEAM","AWELD","LINC13","POWCM3","POWCM4"}, 0 ) )),""))>0))} -> 0 | D81: Domestic | E81: Full time | F81: =N('Budgeted Projections Dom HC'!H192) -N('Budgeted Projections Dom HC'!H100) -N('Budgeted Projections Dom HC'!H162) -N('Budgeted Projections Dom HC'!H171) -N('Budgeted Projections Dom HC'!H172) -> 0 | G81: {=SUM(--(LEN(IFERROR( _xlfn._xlws.FILTER( 'FLE Campus'!A:A, ('FLE Campus'!A:A<>"")* ('FLE Campus'!A:A<>"PEOPLE_CODE_ID")* ('FLE Campus'!M:M="FULL")* ('FLE Campus'!E:E="FALL")* (('FLE Campus'!AC:AC="Canadian")+('FLE Campus'!AC:AC="Permanent Resident")+('FLE Campus'!AC:AC="Refugee"))* ISNA( MATCH( TRIM('FLE Campus'!J:J), {"AELEC","AHD","AMILL","ASTEAM","AWELD","LINC13","POWCM3","POWCM4"}, 0 ) )),""))>0))} -> 0 | H81: =IFERROR(TEXT(ROUND(G81/F81*100,1),"0.0")&"%","N/A") -> N/A
A82: ="% Budgeted Full-time Headcount Achieved For Fall "&$B$72&" (with conditional surpass text)" -> #VALUE! | B82: =IF( VALUE(B81)<=VALUE(B80), TEXT(ROUND(VALUE(B81)/VALUE(B80)*100,1),"0.0")&"%", TEXT(ROUND(((VALUE(B81)-VALUE(B80))/VALUE(B80))*100,1),"0.0")&"% surpass" ) -> #DIV/0! | E82: Part time | F82: =N('Budgeted Projections Dom HC'!G192) -N('Budgeted Projections Dom HC'!G100) -N('Budgeted Projections Dom HC'!G162) -N('Budgeted Projections Dom HC'!G171) -N('Budgeted Projections Dom HC'!G172) -> 0 | G82: {=SUM(--(LEN(IFERROR( _xlfn._xlws.FILTER( 'FLE Campus'!A:A, ('FLE Campus'!A:A<>"")* ('FLE Campus'!A:A<>"PEOPLE_CODE_ID")* ('FLE Campus'!M:M="PART")* ('FLE Campus'!E:E="FALL")* (('FLE Campus'!AC:AC="Canadian")+('FLE Campus'!AC:AC="Permanent Resident")+('FLE Campus'!AC:AC="Refugee"))* ISNA( MATCH( TRIM('FLE Campus'!J:J), {"AELEC","AHD","AMILL","ASTEAM","AWELD","LINC13","POWCM3","POWCM4"}, 0 ) )),""))>0))} -> 0 | H82: =IFERROR(TEXT(ROUND(G82/F82*100,1),"0.0")&"%","N/A") -> N/A
A83: ="Budgeted Part-time Headcount For Winter "&$B$73 -> #VALUE! | B83: =N('Budgeted Projections Total HC'!I192) -N('Budgeted Projections Total HC'!I100) -N('Budgeted Projections Total HC'!I162) -N('Budgeted Projections Total HC'!I171) -N('Budgeted Projections Total HC'!I172) -> 0 | E83: *Enrolment Actuals vs Projections (this section excludes Power Engineering CML, LINC, and Apprenticeship)
A84: ="Actual Part-time Headcount For Winter "&$B$73 -> #VALUE! | B84: {=SUM(--(LEN(IFERROR( _xlfn._xlws.FILTER( 'FLE Campus'!A:A, ('FLE Campus'!A:A<>"")* ('FLE Campus'!A:A<>"PEOPLE_CODE_ID")* ('FLE Campus'!M:M="PART")* ('FLE Campus'!E:E="WINTER")* ISNA( MATCH( TRIM('FLE Campus'!J:J), {"AELEC","AHD","AMILL","ASTEAM","AWELD","LINC13","POWCM3","POWCM4"}, 0 ) )),""))>0))} -> 0
A85: ="% Budgeted Part-time Headcount Achieved For Winter "&$B$73&" (with conditional surpass text)" -> #VALUE! | B85: =IF( VALUE(B84)<=VALUE(B83), TEXT(ROUND(VALUE(B84)/VALUE(B83)*100,1),"0.0")&"%", TEXT(ROUND(((VALUE(B84)-VALUE(B83))/VALUE(B83))*100,1),"0.0")&"% surpass" ) -> #DIV/0!
A86: ="Budgeted Full-time Headcount For Winter "&$B$73 -> #VALUE! | B86: =N('Budgeted Projections Total HC'!J192) -N('Budgeted Projections Total HC'!J100) -N('Budgeted Projections Total HC'!J162) -N('Budgeted Projections Total HC'!J171) -N('Budgeted Projections Total HC'!J172) -> 0 | D86: Apprenticeship
A87: ="Actual Full-time Headcount For Winter "&$B$73 -> #VALUE! | B87: {=SUM(--(LEN(IFERROR( _xlfn._xlws.FILTER( 'FLE Campus'!A:A, ('FLE Campus'!A:A<>"")* ('FLE Campus'!A:A<>"PEOPLE_CODE_ID")* ('FLE Campus'!M:M="FULL")* ('FLE Campus'!E:E="WINTER")* ISNA( MATCH( TRIM('FLE Campus'!J:J), {"AELEC","AHD","AMILL","ASTEAM","AWELD","LINC13","POWCM3","POWCM4"}, 0 ) )),""))>0))} -> 0 | D87: ="The budgeted projection headcount for Fall "&B72&" is "&B89&". As of "&B8&", the actual headcount is "&B90&"; this indicates a "&B91&" of the budgeted projection achieved for the semester. The following programs have achieved or surpassed their projection:" -> #VALUE!
A88: ="% Budgeted Full-time Headcount Achieved For Winter "&$B$73&" (with conditional surpass text)" -> #VALUE! | B88: =IF( VALUE(B87)<=VALUE(B86), TEXT(ROUND(VALUE(B87)/VALUE(B86)*100,1),"0.0")&"%", TEXT(ROUND(((VALUE(B87)-VALUE(B86))/VALUE(B86))*100,1),"0.0")&"% surpass" ) -> #DIV/0! | D88: ="Apprenticeship Electrician - "& IF(TRIM(_xlfn.LET( _xlpm.rawtxt, IF(VALUE(B93)>=B92,"1st Year, ","")& IF(VALUE(B95)>=B94,"2nd Year, ","")& IF(VALUE(B97)>=B96,"3rd Year, ","")& IF(VALUE(B99)>=B98,"4th Year, ",""), _xlpm.cleanedtxt, IF(RIGHT(_xlpm.rawtxt,2)=", ",LEFT(_xlpm.rawtxt,LEN(_xlpm.rawtxt)-2), IF(RIGHT(_xlpm.rawtxt,1)=",",LEFT(_xlpm.rawtxt,LEN(_xlpm.rawtxt)-1),_xlpm.rawtxt) ), TRIM(_xlpm.cleanedtxt)) )="","None", _xlfn.LET( _xlpm.rawtxt, IF(VALUE(B93)>=B92,"1st Year, ","")& IF(VALUE(B95)>=B94,"2nd Year, ","")& IF(VALUE(B97)>=B96,"3rd Year, ","")& IF(VALUE(B99)>=B98,"4th Year, ",""), _xlpm.cleanedtxt, IF(RIGHT(_xlpm.rawtxt,2)=", ",LEFT(_xlpm.rawtxt,LEN(_xlpm.rawtxt)-2), IF(RIGHT(_xlpm.rawtxt,1)=",",LEFT(_xlpm.rawtxt,LEN(_xlpm.rawtxt)-1),_xlpm.rawtxt) ), TRIM(_xlpm.cleanedtxt))) -> Apprenticeship Electrician - 1st Year, 2nd Year, 3rd Year, 4th Year
A89: ="Budgeted Apprenticeship Headcount For Fall "&$B$72 -> #VALUE! | B89: =N('Budgeted Projections Total HC'!H162) -> 0 | D89: ="Apprenticeship Heavy Equipment Technician - "& IF(TRIM(_xlfn.LET( _xlpm.rawtxt, IF(VALUE(B101)>=B100,"1st Year, ","")& IF(VALUE(B103)>=B102,"2nd Year, ","")& IF(VALUE(B105)>=B104,"3rd Year, ","")& IF(VALUE(B107)>=B106,"4th Year, ",""), _xlpm.cleanedtxt, IF(RIGHT(_xlpm.rawtxt,2)=", ",LEFT(_xlpm.rawtxt,LEN(_xlpm.rawtxt)-2), IF(RIGHT(_xlpm.rawtxt,1)=",",LEFT(_xlpm.rawtxt,LEN(_xlpm.rawtxt)-1),_xlpm.rawtxt) ), TRIM(_xlpm.cleanedtxt)) )="","None", _xlfn.LET( _xlpm.rawtxt, IF(VALUE(B101)>=B100,"1st Year, ","")& IF(VALUE(B103)>=B102,"2nd Year, ","")& IF(VALUE(B105)>=B104,"3rd Year, ","")& IF(VALUE(B107)>=B106,"4th Year, ",""), _xlpm.cleanedtxt, IF(RIGHT(_xlpm.rawtxt,2)=", ",LEFT(_xlpm.rawtxt,LEN(_xlpm.rawtxt)-2), IF(RIGHT(_xlpm.rawtxt,1)=",",LEFT(_xlpm.rawtxt,LEN(_xlpm.rawtxt)-1),_xlpm.rawtxt) ), TRIM(_xlpm.cleanedtxt))) -> Apprenticeship Heavy Equipment Technician - 1st Year, 2nd Year, 3rd Year, 4th Year
A90: ="Actual Apprenticeship Headcount For Fall "&$B$72 -> #VALUE! | B90: {=SUM(--(LEN(IFERROR( _xlfn._xlws.FILTER( 'FLE Campus'!A:A, ('FLE Campus'!A:A<>"")* ('FLE Campus'!A:A<>"PEOPLE_CODE_ID")* (('FLE Campus'!M:M="FULL")+('FLE Campus'!M:M="PART"))* ('FLE Campus'!E:E="FALL")* ISNUMBER( MATCH( TRIM('FLE Campus'!J:J), {"AELEC","AHD","AMILL","ASTEAM","AWELD"}, 0 ) )),""))>0))} -> 0 | D90: Apprenticeship Millwright - None
A91: ="% Budgeted Apprenticeship Headcount Achieved For Fall "&$B$72&" (with conditional surpass text)" -> #VALUE! | B91: =IF( VALUE(B90)<=VALUE(B89), TEXT(ROUND(VALUE(B90)/VALUE(B89)*100,1),"0.0")&"%", TEXT(ROUND(((VALUE(B90)-VALUE(B89))/VALUE(B89))*100,1),"0.0")&"% surpass" ) -> #DIV/0! | D91: Apprenticeship Steamfitter/Pipefitter - None
A92: ="Budgeted Apprenticeship Electrician Year 1 Headcount For Fall "&$B$72 -> #VALUE! | B92: =N('Budgeted Projections Total HC'!H143) -> 0 | D92: Apprenticeship Welder - 1st year
A93: ="Actual Apprenticeship Electrician Year 1 Headcount For Fall "&$B$72 -> #VALUE! | B93: {=SUM(--(LEN(IFERROR( _xlfn._xlws.FILTER( 'FLE Campus'!A:A, ('FLE Campus'!A:A<>"")* ('FLE Campus'!A:A<>"PEOPLE_CODE_ID")* (('FLE Campus'!M:M="FULL")+('FLE Campus'!M:M="PART"))* ('FLE Campus'!E:E="FALL")* (('FLE Campus'!L:L="1")+('FLE Campus'!L:L=1))* ISNUMBER( MATCH( TRIM('FLE Campus'!J:J), {"AELEC"}, 0 ) )),""))>0))} -> 0
A94: ="Budgeted Apprenticeship Electrician Year 2 Headcount For Fall "&$B$72 -> #VALUE! | B94: =N('Budgeted Projections Total HC'!H144) -> 0 | D94: As for Winter 2026, the projected unique headcount is 0, and as of October 1, 2025, the actual unique headcount is 0; this indicates a 0% of the projection achieved for the semester. The following Programs have achieved or surpassed their projection:
A95: ="Actual Apprenticeship Electrician Year 2 Headcount For Fall "&$B$72 -> #VALUE! | B95: {=SUM(--(LEN(IFERROR( _xlfn._xlws.FILTER( 'FLE Campus'!A:A, ('FLE Campus'!A:A<>"")* ('FLE Campus'!A:A<>"PEOPLE_CODE_ID")* (('FLE Campus'!M:M="FULL")+('FLE Campus'!M:M="PART"))* ('FLE Campus'!E:E="FALL")* (('FLE Campus'!L:L="2")+('FLE Campus'!L:L=2))* ISNUMBER( MATCH( TRIM('FLE Campus'!J:J), {"AELEC"}, 0 ) )),""))>0))} -> 0 | D95: Apprenticeship Electrician - None
A96: ="Budgeted Apprenticeship Electrician Year 3 Headcount For Fall "&$B$72 -> #VALUE! | B96: =N('Budgeted Projections Total HC'!H145) -> 0 | D96: Apprenticeship Heavy Equipment Technician - 1st, 2nd, 3rd, and 4th year
A97: ="Actual Apprenticeship Electrician Year 3 Headcount For Fall "&$B$72 -> #VALUE! | B97: {=SUM(--(LEN(IFERROR( _xlfn._xlws.FILTER( 'FLE Campus'!A:A, ('FLE Campus'!A:A<>"")* ('FLE Campus'!A:A<>"PEOPLE_CODE_ID")* (('FLE Campus'!M:M="FULL")+('FLE Campus'!M:M="PART"))* ('FLE Campus'!E:E="FALL")* (('FLE Campus'!L:L="3")+('FLE Campus'!L:L=3))* ISNUMBER( MATCH( TRIM('FLE Campus'!J:J), {"AELEC"}, 0 ) )),""))>0))} -> 0 | D97: Apprenticeship Millwright - None
A98: ="Budgeted Apprenticeship Electrician Year 4 Headcount For Fall "&$B$72 -> #VALUE! | B98: =N('Budgeted Projections Total HC'!H146) -> 0 | D98: Apprenticeship Steamfitter/Pipefitter - None
A99: ="Actual Apprenticeship Electrician Year 4 Headcount For Fall "&$B$72 -> #VALUE! | B99: {=SUM(--(LEN(IFERROR( _xlfn._xlws.FILTER( 'FLE Campus'!A:A, ('FLE Campus'!A:A<>"")* ('FLE Campus'!A:A<>"PEOPLE_CODE_ID")* (('FLE Campus'!M:M="FULL")+('FLE Campus'!M:M="PART"))* ('FLE Campus'!E:E="FALL")* (('FLE Campus'!L:L="4")+('FLE Campus'!L:L=4))* ISNUMBER( MATCH( TRIM('FLE Campus'!J:J), {"AELEC"}, 0 ) )),""))>0))} -> 0 | D99: Apprenticeship Welder - 1st year
A100: ="Budgeted Apprenticeship Heavy Equipment Technician Year 1 Headcount For Fall "&$B$72 -> #VALUE! | B100: =N('Budgeted Projections Total HC'!H147) -> 0
A101: ="Actual Apprenticeship Heavy Equipment Technician Year 1 Headcount For Fall "&$B$72 -> #VALUE! | B101: {=SUM(--(LEN(IFERROR( _xlfn._xlws.FILTER( 'FLE Campus'!A:A, ('FLE Campus'!A:A<>"")* ('FLE Campus'!A:A<>"PEOPLE_CODE_ID")* (('FLE Campus'!M:M="FULL")+('FLE Campus'!M:M="PART"))* ('FLE Campus'!E:E="FALL")* (('FLE Campus'!L:L="1")+('FLE Campus'!L:L=1))* ISNUMBER( MATCH( TRIM('FLE Campus'!J:J), {"AHD"}, 0 ) )),""))>0))} -> 0 | D101: International Students
...

Sheet FLE Campus
A1: PEOPLE_CODE_ID | B1: BIRTH_DATE | C1: AGE | D1: ACADEMIC_YEAR | E1: ACADEMIC_TERM | F1: ACADEMIC_PERIOD | G1: ACADEMIC_SESSION | H1: DEGREE | I1: DEPARTMENT | J1: CURRICULUM | K1: CREDENTIAL_TYPE | L1: CLASS_LEVEL | M1: FULL_PART | N1: FULL_PART_DISP_WITHDRAWN | O1: FULL_PART_NON_WITHDRAWN | P1: MATCHING | Q1: FLE | R1: ORG_CODE_ID | S1: ORG_NAME_1 | T1: STATUS | U1: CODE_XVAL | V1: LONG_DESC | W1: PROGRAM_START_DATE | X1: PROGRAM_END_DATE | Y1: ENROLL_SEPARATION | Z1: CREDITS | AA1: HERITAGE | AB1: GENDER_IDENTITY | AC1: LEGAL | AD1: CITIZENSHIP

Sheet Budgeted Projections FLE
A1: Programs | B1: Year of Study | C1: Power Campus Program ID | D1: ProgramID & Year of Study | E1: 2025/26 | H1: 2026/27
E2: Domestic FLE | F2: International FLE | G2: Total FLE | H2: Domestic FLE | I2: International FLE | J2: Total FLE
A4: Business Administration Certificate
A5: Accounting | B5: 1 | C5: BAACTC | D5: =C5&B5 -> BAACTC1
A6: Business (Management) | B6: 1 | C6: BABUSC | D6: =C6&B6 -> BABUSC1
A7: Business Administration Diploma
A8: Accounting | B8: 1 | C8: BAACTD | D8: =C8&B8 -> BAACTD1
B9: 2 | C9: BAACTD | D9: =C9&B9 -> BAACTD2
A10: Business (Management) | B10: 1 | C10: BABUSD | D10: =C10&B10 -> BABUSD1
B11: 2 | C11: BABUSD | D11: =C11&B11 -> BABUSD2
A12: Esport (Management) | B12: 1 | C12: BAESPM | D12: =C12&B12 -> BAESPM1
B13: 2 | C13: BAESPM | D13: =C13&B13 -> BAESPM2
A14: Human Resources Management Diploma | B14: 1 | C14: BAHRMD | D14: =C14&B14 -> BAHRMD1
B15: 2 | C15: BAHRMD | D15: =C15&B15 -> BAHRMD2
A16: Global Supply Chain | B16: 1 | C16: GSCMD | D16: =C16&B16 -> GSCMD1
B17: 2 | C17: GSCMD | D17: =C17&B17 -> GSCMD2
A18: Digital Marketing | B18: 1 | C18: DIGMD | D18: =C18&B18 -> DIGMD1
B19: 2 | C19: DIGMD | D19: =C19&B19 -> DIGMD2
A20: Business Administration Diploma Co-op
A21: Accounting | B21: 1 | C21: BAATCO | D21: =C21&B21 -> BAATCO1
B22: 2 | C22: BAATCO | D22: =C22&B22 -> BAATCO2
A23: Business (Management) | B23: 1 | C23: BABSCO | D23: =C23&B23 -> BABSCO1
B24: 2 | C24: BABSCO | D24: =C24&B24 -> BABSCO2
A25: Business Aviation Diploma
A26: Northern Aviation Operations | B26: 1 | C26: NAO | D26: =C26&B26 -> NAO1
B27: 2 | C27: NAO | D27: =C27&B27 -> NAO2
A28: Airline Operations | B28: 1 | C28: ALO | D28: =C28&B28 -> ALO1
B29: 2 | C29: ALO | D29: =C29&B29 -> ALO2
A30: Hospitality and Tourism Management Diploma
A31: Hospitality and Tourism Management Diploma | B31: 1 | C31: HATM | D31: =C31&B31 -> HATM1
B32: 2 | C32: HATM | D32: =C32&B32 -> HATM2
A33: Hospitality Management Diploma | B33: 1 | C33: HOSMNG | D33: =C33&B33 -> HOSMNG1
B34: 2 | C34: HOSMNG | D34: =C34&B34 -> HOSMNG2
A35: Human Resources Management Certificate
A36: Human Resources Management Certificate | B36: 1 | C36: BAHRMC | D36: =C36&B36 -> BAHRMC1
A37: Office Administration Certificate
A38: Office Administration | B38: 1 | C38: OFAC | D38: =C38&B38 -> OFAC1
A39: Executive Admin Professional
A40: Executive Admin Professional | B40: 1 | D40: =C40&B40 -> 1
B41: 2 | D41: =C41&B41 -> 2
A42: Business Studies Total
A43: English for Academic Purpose
A44: English for Academic Purpose | B44: 1 | C44: EAP | D44: =C44&B44 -> EAP1
A45: Upgrading
A46: Academic Foundations | B46: 1 | C46: HSAFA | D46: =C46&B46 -> HSAFA1
A47: Advanced High School Equivalency | B47: 1 | C47: HSAD | D47: =C47&B47 -> HSAD1
A48: General High School Equivalency | B48: 1 | C48: HSGD | D48: =C48&B48 -> HSGD1
A49: College Preparation | B49: 1 | C49: HSNP | D49: =C49&B49 -> HSNP1
A50: Academic Upgrading Total
A51: Environmental Technology Coop Diploma
A52: Environmental Technology Co-op Diploma | B52: 1 | C52: ENVTD | D52: =C52&B52 -> ENVTD1
B53: 2 | C53: ENVTD | D53: =C53&B53 -> ENVTD2
A54: Environmental Technology Diploma
A55: Environmental Technology Diploma | B55: 1 | C55: ENVNC | D55: =C55&B55 -> ENVNC1
B56: 2 | C56: ENVNC | D56: =C56&B56 -> ENVNC2
A57: UT: Bachelor of Arts
A58: UT: Bachelor of Arts | B58: 1 | C58: UTARTS | D58: =C58&B58 -> UTARTS1
B59: 2 | C59: UTARTS | D59: =C59&B59 -> UTARTS2
A60: UT: Bachelor of Commerce
A61: UT: Bachelor of Commerce | B61: 1 | C61: UTCOMM | D61: =C61&B61 -> UTCOMM1
B62: 2 | C62: UTCOMM | D62: =C62&B62 -> UTCOMM2
A63: UT: Bachelor of Engineering
A64: UT: Bachelor of Engineering | B64: 1 | C64: UTENG | D64: =C64&B64 -> UTENG1
A65: UT: Bachelor of Science
A66: UT: Bachelor of Science | B66: 1 | C66: UTSCGS | D66: =C66&B66 -> UTSCGS1
B67: 2 | C67: UTSCGS | D67: =C67&B67 -> UTSCGS2
A68: UT: Bachelor of Social Work
A69: UT: Bachelor of Social Work | B69: 1 | C69: UTSCWK | D69: =C69&B69 -> UTSCWK1
B70: 2 | C70: UTSCWK | D70: =C70&B70 -> UTSCWK2
A71: UT: Bachelor of Education
A72: Elementary | B72: 1 | C72: UTELEM | D72: =C72&B72 -> UTELEM1
B73: 2 | C73: UTELEM | D73: =C73&B73 -> UTELEM2
A74: Secondary | B74: 1 | C74: UTSEC | D74: =C74&B74 -> UTSEC1
B75: 2 | C75: UTSEC | D75: =C75&B75 -> UTSEC2
A76: Open Studies
A77: Open Studies | B77: 1 | C77: OPEN | D77: =C77&B77 -> OPEN1
A78: Governance and Civil Studies
A79: Governance and Civil Studies | B79: 1 | C79: GOVNSC | D79: =C79&B79 -> GOVNSC1
B80: 2 | C80: GOVNSC | D80: =C80&B80 -> GOVNSC2
A81: Computer Systems Technology Certificate
A82: Computer Systems Technology Certificate | B82: 1 | C82: COMSCC | D82: =C82&B82 -> COMSCC1
A83: Computer Systems Technology Diploma
A84: Computer Systems Technology Diploma | B84: 1 | C84: COMSCD | D84: =C84&B84 -> COMSCD1
B85: 2 | C85: COMSCD | D85: =C85&B85 -> COMSCD2
A86: General Arts
A87: General Arts | B87: 1 | C87: GNARTC | D87: =C87&B87 -> GNARTC1
A88: General Science
A89: General Science | B89: 1 | C89: GNSCIC | D89: =C89&B89 -> GNSCIC1
A90: Advanced Network & Cybersecurity Post Diploma
A91: Advanced Network & Cybersecurity | B91: 1 | C91: ANCPDC | D91: =C91&B91 -> ANCPDC1
A92: Network Security Post Diploma
A93: Network Security | B93: 1 | C93: NSPDC | D93: =C93&B93 -> NSPDC1
A94: Applied IT Specialist
A95: Applied IT Specialist | B95: 1 | C95: AITS | D95: =C95&B95 -> AITS1
A96: Art & Design
A97: Digital Design & Multimedia Certificate | B97: 1 | D97: =C97&B97 -> 1
A98: University Studies & Environmental Sciences Total
A99: Language Instruction for Newcomers to Canada (LINC)
A100: Language Instruction for Newcomers to Canada (LINC) | B100: 1 | C100: LINC13 | D100: =C100&B100 -> LINC131
A101: School of University Studies, Career Programs & Academic Upgrading Total
...

Sheet Budgeted Projections Total HC
A1: Programs | B1: Year of Study | C1: Power Campus Program ID | D1: ProgramID & Year of Study | E1: 2025/26 | M1: 2026/27
E2: Summer | G2: Fall | I2: Winter | K2: Spring | M2: Summer | O2: Fall | Q2: Winter | S2: Spring
E3: Part-time | F3: Full-time | G3: Part-time | H3: Full-time | I3: Part-time | J3: Full-time | K3: Part-time | L3: Full-time | M3: Part-time | N3: Full-time | O3: Part-time | P3: Full-time | Q3: Part-time | R3: Full-time | S3: Part-time | T3: Full-time
A4: Business Administration Certificate
A5: Accounting | B5: 1 | C5: BAACTC | D5: BAACTC1
A6: Business (Management) | B6: 1 | C6: BABUSC | D6: BABUSC1
A7: Business Administration Diploma
A8: Accounting | B8: 1 | C8: BAACTD | D8: BAACTD1
B9: 2 | C9: BAACTD | D9: BAACTD2
A10: Business (Management) | B10: 1 | C10: BABUSD | D10: BABUSD1
B11: 2 | C11: BABUSD | D11: BABUSD2
A12: Esport (Management) | B12: 1 | C12: BAESPM | D12: BAESPM1
B13: 2 | C13: BAESPM | D13: BAESPM2
A14: Human Resources Management Diploma | B14: 1 | C14: BAHRMD | D14: BAHRMD1
B15: 2 | C15: BAHRMD | D15: BAHRMD2
A16: Global Supply Chain | B16: 1 | C16: GSCMD | D16: GSCMD1
B17: 2 | C17: GSCMD | D17: GSCMD2
A18: Digital Marketing | B18: 1 | C18: DIGMD | D18: DIGMD1
B19: 2 | C19: DIGMD | D19: DIGMD2
A20: Business Administration Diploma Co-op
A21: Accounting | B21: 1 | C21: BAATCO | D21: BAATCO1
B22: 2 | C22: BAATCO | D22: BAATCO2
A23: Business (Management) | B23: 1 | C23: BABSCO | D23: BABSCO1
B24: 2 | C24: BABSCO | D24: BABSCO2
A25: Business Aviation Diploma
A26: Northern Aviation Operations | B26: 1 | C26: NAO | D26: NAO1
B27: 2 | C27: NAO | D27: NAO2
A28: Airline Operations | B28: 1 | C28: ALO | D28: ALO1
B29: 2 | C29: ALO | D29: ALO2
A30: Hospitality and Tourism Management Diploma
A31: Hospitality and Tourism Management Diploma | B31: 1 | C31: HATM | D31: HATM1
B32: 2 | C32: HATM | D32: HATM2
A33: Hospitality Management Diploma | B33: 1 | C33: HOSMNG | D33: HOSMNG1
B34: 2 | C34: HOSMNG | D34: HOSMNG2
A35: Human Resources Management Certificate
A36: Human Resources Management Certificate | B36: 1 | C36: BAHRMC | D36: BAHRMC1
A37: Office Administration Certificate
A38: Office Administration | B38: 1 | C38: OFAC | D38: OFAC1
A39: Executive Admin Professional
A40: Executive Admin Professional | B40: 1 | D40: 1
B41: 2 | D41: 2
A42: Business Studies Total
A43: English for Academic Purpose
A44: English for Academic Purpose | B44: 1 | C44: EAP | D44: EAP1
A45: Upgrading
A46: Academic Foundations | B46: 1 | C46: HSAFA | D46: HSAFA1
A47: Advanced High School Equivalency | B47: 1 | C47: HSAD | D47: HSAD1
A48: General High School Equivalency | B48: 1 | C48: HSGD | D48: HSGD1
A49: College Preparation | B49: 1 | C49: HSNP | D49: HSNP1
A50: Academic Upgrading Total
A51: Environmental Technology Coop Diploma
A52: Environmental Technology Co-op Diploma | B52: 1 | C52: ENVTD | D52: ENVTD1
B53: 2 | C53: ENVTD | D53: ENVTD2
A54: Environmental Technology Diploma
A55: Environmental Technology Diploma | B55: 1 | C55: ENVNC | D55: ENVNC1
B56: 2 | C56: ENVNC | D56: ENVNC2
A57: UT: Bachelor of Arts
A58: UT: Bachelor of Arts | B58: 1 | C58: UTARTS | D58: UTARTS1
B59: 2 | C59: UTARTS | D59: UTARTS2
A60: UT: Bachelor of Commerce
A61: UT: Bachelor of Commerce | B61: 1 | C61: UTCOMM | D61: UTCOMM1
B62: 2 | C62: UTCOMM | D62: UTCOMM2
A63: UT: Bachelor of Engineering
A64: UT: Bachelor of Engineering | B64: 1 | C64: UTENG | D64: UTENG1
A65: UT: Bachelor of Science
A66: UT: Bachelor of Science | B66: 1 | C66: UTSCGS | D66: UTSCGS1
B67: 2 | C67: UTSCGS | D67: UTSCGS2
A68: UT: Bachelor of Social Work
A69: UT: Bachelor of Social Work | B69: 1 | C69: UTSCWK | D69: UTSCWK1
B70: 2 | C70: UTSCWK | D70: UTSCWK2
A71: UT: Bachelor of Education
A72: Elementary | B72: 1 | C72: UTELEM | D72: UTELEM1
B73: 2 | C73: UTELEM | D73: UTELEM2
A74: Secondary | B74: 1 | C74: UTSEC | D74: UTSEC1
B75: 2 | C75: UTSEC | D75: UTSEC2
A76: Open Studies
A77: Open Studies | B77: 1 | C77: OPEN | D77: OPEN1
A78: Governance and Civil Studies
A79: Governance and Civil Studies | B79: 1 | C79: GOVNSC | D79: GOVNSC1
B80: 2 | C80: GOVNSC | D80: GOVNSC2
A81: Computer Systems Technology Certificate
A82: Computer Systems Technology Certificate | B82: 1 | C82: COMSCC | D82: COMSCC1
A83: Computer Systems Technology Diploma
A84: Computer Systems Technology Diploma | B84: 1 | C84: COMSCD | D84: COMSCD1
B85: 2 | C85: COMSCD | D85: COMSCD2
A86: General Arts
A87: General Arts | B87: 1 | C87: GNARTC | D87: GNARTC1
A88: General Science
A89: General Science | B89: 1 | C89: GNSCIC | D89: GNSCIC1
A90: Advanced Network & Cybersecurity Post Diploma
A91: Advanced Network & Cybersecurity | B91: 1 | C91: ANCPDC | D91: ANCPDC1
A92: Network Security Post Diploma
A93: Network Security | B93: 1 | C93: NSPDC | D93: NSPDC1
A94: Applied IT Specialist
A95: Applied IT Specialist | B95: 1 | C95: AITS | D95: AITS1
A96: Art & Design
A97: Digital Design & Multimedia Certificate | B97: 1 | D97: 1
A98: University Studies & Environmental Sciences Total
A99: Language Instruction for Newcomers to Canada (LINC)
A100: Language Instruction for Newcomers to Canada (LINC) | B100: 1 | C100: LINC13 | D100: LINC131
...

Sheet Budgeted Projections Dom HC
A1: Programs | B1: Year of Study | C1: Power Campus Program ID | D1: ProgramID & Year of Study | E1: 2025/26 | M1: 2026/27
E2: Summer | G2: Fall | I2: Winter | K2: Spring | M2: Summer | O2: Fall | Q2: Winter | S2: Spring
E3: Part-time | F3: Full-time | G3: Part-time | H3: Full-time | I3: Part-time | J3: Full-time | K3: Part-time | L3: Full-time | M3: Part-time | N3: Full-time | O3: Part-time | P3: Full-time | Q3: Part-time | R3: Full-time | S3: Part-time | T3: Full-time
A4: Business Administration Certificate
A5: Accounting | B5: 1 | C5: BAACTC | D5: BAACTC1
A6: Business (Management) | B6: 1 | C6: BABUSC | D6: BABUSC1
A7: Business Administration Diploma
A8: Accounting | B8: 1 | C8: BAACTD | D8: BAACTD1
B9: 2 | C9: BAACTD | D9: BAACTD2
A10: Business (Management) | B10: 1 | C10: BABUSD | D10: BABUSD1
B11: 2 | C11: BABUSD | D11: BABUSD2
A12: Esport (Management) | B12: 1 | C12: BAESPM | D12: BAESPM1
B13: 2 | C13: BAESPM | D13: BAESPM2
A14: Human Resources Management Diploma | B14: 1 | C14: BAHRMD | D14: BAHRMD1
B15: 2 | C15: BAHRMD | D15: BAHRMD2
A16: Global Supply Chain | B16: 1 | C16: GSCMD | D16: GSCMD1
B17: 2 | C17: GSCMD | D17: GSCMD2
A18: Digital Marketing | B18: 1 | C18: DIGMD | D18: DIGMD1
B19: 2 | C19: DIGMD | D19: DIGMD2
A20: Business Administration Diploma Co-op
A21: Accounting | B21: 1 | C21: BAATCO | D21: BAATCO1
B22: 2 | C22: BAATCO | D22: BAATCO2
A23: Business (Management) | B23: 1 | C23: BABSCO | D23: BABSCO1
B24: 2 | C24: BABSCO | D24: BABSCO2
A25: Business Aviation Diploma
A26: Northern Aviation Operations | B26: 1 | C26: NAO | D26: NAO1
B27: 2 | C27: NAO | D27: NAO2
A28: Airline Operations | B28: 1 | C28: ALO | D28: ALO1
B29: 2 | C29: ALO | D29: ALO2
A30: Hospitality and Tourism Management Diploma
A31: Hospitality and Tourism Management Diploma | B31: 1 | C31: HATM | D31: HATM1
B32: 2 | C32: HATM | D32: HATM2
A33: Hospitality Management Diploma | B33: 1 | C33: HOSMNG | D33: HOSMNG1
B34: 2 | C34: HOSMNG | D34: HOSMNG2
A35: Human Resources Management Certificate
A36: Human Resources Management Certificate | B36: 1 | C36: BAHRMC | D36: BAHRMC1
A37: Office Administration Certificate
A38: Office Administration | B38: 1 | C38: OFAC | D38: OFAC1
A39: Executive Admin Professional
A40: Executive Admin Professional | B40: 1 | D40: 1
B41: 2 | D41: 2
A42: Business Studies Total
A43: English for Academic Purpose
A44: English for Academic Purpose | B44: 1 | C44: EAP | D44: EAP1
A45: Upgrading
A46: Academic Foundations | B46: 1 | C46: HSAFA | D46: HSAFA1
A47: Advanced High School Equivalency | B47: 1 | C47: HSAD | D47: HSAD1
A48: General High School Equivalency | B48: 1 | C48: HSGD | D48: HSGD1
A49: College Preparation | B49: 1 | C49: HSNP | D49: HSNP1
A50: Academic Upgrading Total
A51: Environmental Technology Coop Diploma
A52: Environmental Technology Co-op Diploma | B52: 1 | C52: ENVTD | D52: ENVTD1
B53: 2 | C53: ENVTD | D53: ENVTD2
A54: Environmental Technology Diploma
A55: Environmental Technology Diploma | B55: 1 | C55: ENVNC | D55: ENVNC1
B56: 2 | C56: ENVNC | D56: ENVNC2
A57: UT: Bachelor of Arts
A58: UT: Bachelor of Arts | B58: 1 | C58: UTARTS | D58: UTARTS1
B59: 2 | C59: UTARTS | D59: UTARTS2
A60: UT: Bachelor of Commerce
A61: UT: Bachelor of Commerce | B61: 1 | C61: UTCOMM | D61: UTCOMM1
B62: 2 | C62: UTCOMM | D62: UTCOMM2
A63: UT: Bachelor of Engineering
A64: UT: Bachelor of Engineering | B64: 1 | C64: UTENG | D64: UTENG1
A65: UT: Bachelor of Science
A66: UT: Bachelor of Science | B66: 1 | C66: UTSCGS | D66: UTSCGS1
B67: 2 | C67: UTSCGS | D67: UTSCGS2
A68: UT: Bachelor of Social Work
A69: UT: Bachelor of Social Work | B69: 1 | C69: UTSCWK | D69: UTSCWK1
B70: 2 | C70: UTSCWK | D70: UTSCWK2
A71: UT: Bachelor of Education
A72: Elementary | B72: 1 | C72: UTELEM | D72: UTELEM1
B73: 2 | C73: UTELEM | D73: UTELEM2
A74: Secondary | B74: 1 | C74: UTSEC | D74: UTSEC1
B75: 2 | C75: UTSEC | D75: UTSEC2
A76: Open Studies
A77: Open Studies | B77: 1 | C77: OPEN | D77: OPEN1
A78: Governance and Civil Studies
A79: Governance and Civil Studies | B79: 1 | C79: GOVNSC | D79: GOVNSC1
B80: 2 | C80: GOVNSC | D80: GOVNSC2
A81: Computer Systems Technology Certificate
A82: Computer Systems Technology Certificate | B82: 1 | C82: COMSCC | D82: COMSCC1
A83: Computer Systems Technology Diploma
A84: Computer Systems Technology Diploma | B84: 1 | C84: COMSCD | D84: COMSCD1
B85: 2 | C85: COMSCD | D85: COMSCD2
A86: General Arts
A87: General Arts | B87: 1 | C87: GNARTC | D87: GNARTC1
A88: General Science
A89: General Science | B89: 1 | C89: GNSCIC | D89: GNSCIC1
A90: Advanced Network & Cybersecurity Post Diploma
A91: Advanced Network & Cybersecurity | B91: 1 | C91: ANCPDC | D91: ANCPDC1
A92: Network Security Post Diploma
A93: Network Security | B93: 1 | C93: NSPDC | D93: NSPDC1
A94: Applied IT Specialist
A95: Applied IT Specialist | B95: 1 | C95: AITS | D95: AITS1
A96: Art & Design
A97: Digital Design & Multimedia Certificate | B97: 1 | D97: 1
A98: University Studies & Environmental Sciences Total
A99: Language Instruction for Newcomers to Canada (LINC)
A100: Language Instruction for Newcomers to Canada (LINC) | B100: 1 | C100: LINC13 | D100: LINC131
...

Sheet Budgeted Projections Intl HC
A1: Programs | B1: Year of Study | C1: Power Campus Program ID | D1: ProgramID & Year of Study | E1: 2025/26 | M1: 2025/26
E2: Summer | G2: Fall | I2: Winter | K2: Spring | M2: Summer | O2: Fall | Q2: Winter | S2: Spring
E3: Part-time | F3: Full-time | G3: Part-time | H3: Full-time | I3: Part-time | J3: Full-time | K3: Part-time | L3: Full-time | M3: Part-time | N3: Full-time | O3: Part-time | P3: Full-time | Q3: Part-time | R3: Full-time | S3: Part-time | T3: Full-time
A4: 2026/27
A5: Accounting | B5: 1 | C5: BAACTC | D5: BAACTC1
A6: Business (Management) | B6: 1 | C6: BABUSC | D6: BABUSC1
A7: Business Administration Diploma
A8: Accounting | B8: 1 | C8: BAACTD | D8: BAACTD1
B9: 2 | C9: BAACTD | D9: BAACTD2
A10: Business (Management) | B10: 1 | C10: BABUSD | D10: BABUSD1
B11: 2 | C11: BABUSD | D11: BABUSD2
A12: Esport (Management) | B12: 1 | C12: BAESPM | D12: BAESPM1
B13: 2 | C13: BAESPM | D13: BAESPM2
A14: Human Resources Management Diploma | B14: 1 | C14: BAHRMD | D14: BAHRMD1
B15: 2 | C15: BAHRMD | D15: BAHRMD2
A16: Global Supply Chain | B16: 1 | C16: GSCMD | D16: GSCMD1
B17: 2 | C17: GSCMD | D17: GSCMD2
A18: Digital Marketing | B18: 1 | C18: DIGMD | D18: DIGMD1
B19: 2 | C19: DIGMD | D19: DIGMD2
A20: Business Administration Diploma Co-op
A21: Accounting | B21: 1 | C21: BAATCO | D21: BAATCO1
B22: 2 | C22: BAATCO | D22: BAATCO2
A23: Business (Management) | B23: 1 | C23: BABSCO | D23: BABSCO1
B24: 2 | C24: BABSCO | D24: BABSCO2
A25: Business Aviation Diploma
A26: Northern Aviation Operations | B26: 1 | C26: NAO | D26: NAO1
B27: 2 | C27: NAO | D27: NAO2
A28: Airline Operations | B28: 1 | C28: ALO | D28: ALO1
B29: 2 | C29: ALO | D29: ALO2
A30: Hospitality and Tourism Management Diploma
A31: Hospitality and Tourism Management Diploma | B31: 1 | C31: HATM | D31: HATM1
B32: 2 | C32: HATM | D32: HATM2
A33: Hospitality Management Diploma | B33: 1 | C33: HOSMNG | D33: HOSMNG1
B34: 2 | C34: HOSMNG | D34: HOSMNG2
A35: Human Resources Management Certificate
A36: Human Resources Management Certificate | B36: 1 | C36: BAHRMC | D36: BAHRMC1
A37: Office Administration Certificate
A38: Office Administration | B38: 1 | C38: OFAC | D38: OFAC1
A39: Executive Admin Professional
A40: Executive Admin Professional | B40: 1 | D40: 1
B41: 2 | D41: 2
A42: Business Studies Total
A43: English for Academic Purpose
A44: English for Academic Purpose | B44: 1 | C44: EAP | D44: EAP1
A45: Upgrading
A46: Academic Foundations | B46: 1 | C46: HSAFA | D46: HSAFA1
A47: Advanced High School Equivalency | B47: 1 | C47: HSAD | D47: HSAD1
A48: General High School Equivalency | B48: 1 | C48: HSGD | D48: HSGD1
A49: College Preparation | B49: 1 | C49: HSNP | D49: HSNP1
A50: Academic Upgrading Total
A51: Environmental Technology Coop Diploma
A52: Environmental Technology Co-op Diploma | B52: 1 | C52: ENVTD | D52: ENVTD1
B53: 2 | C53: ENVTD | D53: ENVTD2
A54: Environmental Technology Diploma
A55: Environmental Technology Diploma | B55: 1 | C55: ENVNC | D55: ENVNC1
B56: 2 | C56: ENVNC | D56: ENVNC2
A57: UT: Bachelor of Arts
A58: UT: Bachelor of Arts | B58: 1 | C58: UTARTS | D58: UTARTS1
B59: 2 | C59: UTARTS | D59: UTARTS2
A60: UT: Bachelor of Commerce
A61: UT: Bachelor of Commerce | B61: 1 | C61: UTCOMM | D61: UTCOMM1
B62: 2 | C62: UTCOMM | D62: UTCOMM2
A63: UT: Bachelor of Engineering
A64: UT: Bachelor of Engineering | B64: 1 | C64: UTENG | D64: UTENG1
A65: UT: Bachelor of Science
A66: UT: Bachelor of Science | B66: 1 | C66: UTSCGS | D66: UTSCGS1
B67: 2 | C67: UTSCGS | D67: UTSCGS2
A68: UT: Bachelor of Social Work
A69: UT: Bachelor of Social Work | B69: 1 | C69: UTSCWK | D69: UTSCWK1
B70: 2 | C70: UTSCWK | D70: UTSCWK2
A71: UT: Bachelor of Education
A72: Elementary | B72: 1 | C72: UTELEM | D72: UTELEM1
B73: 2 | C73: UTELEM | D73: UTELEM2
A74: Secondary | B74: 1 | C74: UTSEC | D74: UTSEC1
B75: 2 | C75: UTSEC | D75: UTSEC2
A76: Open Studies
A77: Open Studies | B77: 1 | C77: OPEN | D77: OPEN1
A78: Governance and Civil Studies
A79: Governance and Civil Studies | B79: 1 | C79: GOVNSC | D79: GOVNSC1
B80: 2 | C80: GOVNSC | D80: GOVNSC2
A81: Computer Systems Technology Certificate
A82: Computer Systems Technology Certificate | B82: 1 | C82: COMSCC | D82: COMSCC1
A83: Computer Systems Technology Diploma
A84: Computer Systems Technology Diploma | B84: 1 | C84: COMSCD | D84: COMSCD1
B85: 2 | C85: COMSCD | D85: COMSCD2
A86: General Arts
A87: General Arts | B87: 1 | C87: GNARTC | D87: GNARTC1
A88: General Science
A89: General Science | B89: 1 | C89: GNSCIC | D89: GNSCIC1
A90: Advanced Network & Cybersecurity Post Diploma
A91: Advanced Network & Cybersecurity | B91: 1 | C91: ANCPDC | D91: ANCPDC1
A92: Network Security Post Diploma
A93: Network Security | B93: 1 | C93: NSPDC | D93: NSPDC1
A94: Applied IT Specialist
A95: Applied IT Specialist | B95: 1 | C95: AITS | D95: AITS1
A96: Art & Design
A97: Digital Design & Multimedia Certificate | B97: 1 | D97: 1
A98: University Studies & Environmental Sciences Total
A99: Language Instruction for Newcomers to Canada (LINC)
A100: Language Instruction for Newcomers to Canada (LINC) | B100: 1 | C100: LINC13 | D100: LINC131
...

Sheet YearA-AppDetails Current Year

Sheet YearA-AppDetails Current Year-1

Sheet YearB-AppDetails Current Year

Sheet YearB-AppDetails Current Year-1
